"img","source","desc"
"https://raw.githubusercontent.com/stevenrossi/fishpoasting/main/images/zoologica/01/zoologicascienti01newy_0530.jpeg","Zoologica Vol. I (1907-1915)","Natural history of the Whale Shark, Rhineodon typus"
"https://raw.githubusercontent.com/stevenrossi/fishpoasting/main/images/zoologica/01/zoologicascienti01newy_0536.jpeg","Zoologica Vol. I (1907-1915)","Natural history of the Whale Shark, Rhineodon typus"
"https://raw.githubusercontent.com/stevenrossi/fishpoasting/main/images/zoologica/01/zoologicascienti01newy_0540.jpeg","Zoologica Vol. I (1907-1915)","Natural history of the Whale Shark, Rhineodon typus"
"https://raw.githubusercontent.com/stevenrossi/fishpoasting/main/images/zoologica/01/zoologicascienti01newy_0546.jpeg","Zoologica Vol. I (1907-1915)","Natural history of the Whale Shark, Rhineodon typus"
"https://raw.githubusercontent.com/stevenrossi/fishpoasting/main/images/zoologica/01/zoologicascienti01newy_0553.jpeg","Zoologica Vol. I (1907-1915)","Natural history of the Whale Shark, Rhineodon typus"
"https://raw.githubusercontent.com/stevenrossi/fishpoasting/main/images/zoologica/01/zoologicascienti01newy_0562.jpeg","Zoologica Vol. I (1907-1915)","Natural history of the Whale Shark, Rhineodon typus"
"https://raw.githubusercontent.com/stevenrossi/fishpoasting/main/images/zoologica/01/zoologicascienti01newy_0566.jpeg","Zoologica Vol. I (1907-1915)","Natural history of the Whale Shark, Rhineodon typus"
"https://raw.githubusercontent.com/stevenrossi/fishpoasting/main/images/zoologica/02/zoologicascienti2191523newy_0378.jpeg","Zoologica Vol. II (1915-1924)","A contribution to the life history of the puffer"
"https://raw.githubusercontent.com/stevenrossi/fishpoasting/main/images/zoologica/02/zoologicascienti2191523newy_0381.jpeg","Zoologica Vol. II (1915-1924)","A contribution to the life history of the puffer"
"https://raw.githubusercontent.com/stevenrossi/fishpoasting/main/images/zoologica/02/zoologicascienti2191523newy_0384.jpeg","Zoologica Vol. II (1915-1924)","A contribution to the life history of the puffer"
"https://raw.githubusercontent.com/stevenrossi/fishpoasting/main/images/zoologica/02/zoologicascienti2191523newy_0385.jpeg","Zoologica Vol. II (1915-1924)","A contribution to the life history of the puffer"
"https://raw.githubusercontent.com/stevenrossi/fishpoasting/main/images/zoologica/02/zoologicascienti2191523newy_0386.jpeg","Zoologica Vol. II (1915-1924)","A contribution to the life history of the puffer"
"https://raw.githubusercontent.com/stevenrossi/fishpoasting/main/images/zoologica/02/zoologicascienti2191523newy_0387.jpeg","Zoologica Vol. II (1915-1924)","A contribution to the life history of the puffer"
"https://raw.githubusercontent.com/stevenrossi/fishpoasting/main/images/zoologica/02/zoologicascienti2191523newy_0388.jpeg","Zoologica Vol. II (1915-1924)","A contribution to the life history of the puffer"
"https://raw.githubusercontent.com/stevenrossi/fishpoasting/main/images/zoologica/02/zoologicascienti2191523newy_0389.jpeg","Zoologica Vol. II (1915-1924)","A contribution to the life history of the puffer"
"https://raw.githubusercontent.com/stevenrossi/fishpoasting/main/images/zoologica/02/zoologicascienti2191523newy_0406.jpeg","Zoologica Vol. II (1915-1924)","Hermaphodism of a croaker"
"https://raw.githubusercontent.com/stevenrossi/fishpoasting/main/images/zoologica/02/zoologicascienti2191523newy_0435.jpeg","Zoologica Vol. II (1915-1924)","The food of certain minnows"
"https://raw.githubusercontent.com/stevenrossi/fishpoasting/main/images/zoologica/02/zoologicascienti2191523newy_0436.jpeg","Zoologica Vol. II (1915-1924)","The food of certain minnows"
"https://raw.githubusercontent.com/stevenrossi/fishpoasting/main/images/zoologica/02/zoologicascienti2191523newy_0446.jpeg","Zoologica Vol. II (1915-1924)","The food of certain minnows"
"https://raw.githubusercontent.com/stevenrossi/fishpoasting/main/images/zoologica/02/zoologicascienti2191523newy_0447.jpeg","Zoologica Vol. II (1915-1924)","The food of certain minnows"
"https://raw.githubusercontent.com/stevenrossi/fishpoasting/main/images/zoologica/02/zoologicascienti2191523newy_0522.jpeg","Zoologica Vol. II (1915-1924)","The whitefishes"
"https://raw.githubusercontent.com/stevenrossi/fishpoasting/main/images/zoologica/04/zoologicasc4519231926newy_0183.jpeg","Zoologica Vol. IV (1923-1926)","Panama fishes"
"https://raw.githubusercontent.com/stevenrossi/fishpoasting/main/images/zoologica/04/zoologicasc4519231926newy_0206.jpeg","Zoologica Vol. IV (1923-1926)","The locomotion of fishes"
"https://raw.githubusercontent.com/stevenrossi/fishpoasting/main/images/zoologica/04/zoologicasc4519231926newy_0216.jpeg","Zoologica Vol. IV (1923-1926)","The locomotion of fishes"
"https://raw.githubusercontent.com/stevenrossi/fishpoasting/main/images/zoologica/04/zoologicasc4519231926newy_0226.jpeg","Zoologica Vol. IV (1923-1926)","The locomotion of fishes"
"https://raw.githubusercontent.com/stevenrossi/fishpoasting/main/images/zoologica/04/zoologicasc4519231926newy_0227.jpeg","Zoologica Vol. IV (1923-1926)","The locomotion of fishes"
"https://raw.githubusercontent.com/stevenrossi/fishpoasting/main/images/zoologica/04/zoologicasc4519231926newy_0230.jpeg","Zoologica Vol. IV (1923-1926)","The locomotion of fishes"
"https://raw.githubusercontent.com/stevenrossi/fishpoasting/main/images/zoologica/04/zoologicasc4519231926newy_0231.jpeg","Zoologica Vol. IV (1923-1926)","The locomotion of fishes"
"https://raw.githubusercontent.com/stevenrossi/fishpoasting/main/images/zoologica/04/zoologicasc4519231926newy_0233.jpeg","Zoologica Vol. IV (1923-1926)","The locomotion of fishes"
"https://raw.githubusercontent.com/stevenrossi/fishpoasting/main/images/zoologica/04/zoologicasc4519231926newy_0236.jpeg","Zoologica Vol. IV (1923-1926)","The locomotion of fishes"
"https://raw.githubusercontent.com/stevenrossi/fishpoasting/main/images/zoologica/04/zoologicasc4519231926newy_0238.jpeg","Zoologica Vol. IV (1923-1926)","The locomotion of fishes"
"https://raw.githubusercontent.com/stevenrossi/fishpoasting/main/images/zoologica/04/zoologicasc4519231926newy_0242.jpeg","Zoologica Vol. IV (1923-1926)","The locomotion of fishes"
"https://raw.githubusercontent.com/stevenrossi/fishpoasting/main/images/zoologica/04/zoologicasc4519231926newy_0244.jpeg","Zoologica Vol. IV (1923-1926)","The locomotion of fishes"
"https://raw.githubusercontent.com/stevenrossi/fishpoasting/main/images/zoologica/04/zoologicasc4519231926newy_0247.jpeg","Zoologica Vol. IV (1923-1926)","The locomotion of fishes"
"https://raw.githubusercontent.com/stevenrossi/fishpoasting/main/images/zoologica/04/zoologicasc4519231926newy_0256.jpeg","Zoologica Vol. IV (1923-1926)","The locomotion of fishes"
"https://raw.githubusercontent.com/stevenrossi/fishpoasting/main/images/zoologica/04/zoologicasc4519231926newy_0266.jpeg","Zoologica Vol. IV (1923-1926)","The locomotion of fishes"
"https://raw.githubusercontent.com/stevenrossi/fishpoasting/main/images/zoologica/04/zoologicasc4519231926newy_0270.jpeg","Zoologica Vol. IV (1923-1926)","The locomotion of fishes"
"https://raw.githubusercontent.com/stevenrossi/fishpoasting/main/images/zoologica/04/zoologicasc4519231926newy_0272.jpeg","Zoologica Vol. IV (1923-1926)","The locomotion of fishes"
"https://raw.githubusercontent.com/stevenrossi/fishpoasting/main/images/zoologica/04/zoologicasc4519231926newy_0279.jpeg","Zoologica Vol. IV (1923-1926)","The locomotion of fishes"
"https://raw.githubusercontent.com/stevenrossi/fishpoasting/main/images/zoologica/04/zoologicasc4519231926newy_0281.jpeg","Zoologica Vol. IV (1923-1926)","The locomotion of fishes"
"https://raw.githubusercontent.com/stevenrossi/fishpoasting/main/images/zoologica/04/zoologicasc4519231926newy_0297.jpeg","Zoologica Vol. IV (1923-1926)","The locomotion of fishes"
"https://raw.githubusercontent.com/stevenrossi/fishpoasting/main/images/zoologica/04/zoologicasc4519231926newy_0298.jpeg","Zoologica Vol. IV (1923-1926)","The locomotion of fishes"
"https://raw.githubusercontent.com/stevenrossi/fishpoasting/main/images/zoologica/04/zoologicasc4519231926newy_0304.jpeg","Zoologica Vol. IV (1923-1926)","The locomotion of fishes"
"https://raw.githubusercontent.com/stevenrossi/fishpoasting/main/images/zoologica/05/zoologicasc4519231926newy_0494.jpeg","Zoologica Vol. V (1923-1926)","Brachyuran crabs collected by the Williams Galapagos Expedition, 1923"
"https://raw.githubusercontent.com/stevenrossi/fishpoasting/main/images/zoologica/05/zoologicasc4519231926newy_0495.jpeg","Zoologica Vol. V (1923-1926)","Brachyuran crabs collected by the Williams Galapagos Expedition, 1923"
"https://raw.githubusercontent.com/stevenrossi/fishpoasting/main/images/zoologica/06/zoologicascienti61925newy_0114.jpeg","Zoologica Vol. VI (1925)","Studies of a tropical jungle at Kartabo, British Guiana"
"https://raw.githubusercontent.com/stevenrossi/fishpoasting/main/images/zoologica/08/zoologicasci819261931newy_0028.jpeg","Zoologica Vol. VIII (1926-1931)","The Arcturus Oceanographic Expedition"
"https://raw.githubusercontent.com/stevenrossi/fishpoasting/main/images/zoologica/08/zoologicasci819261931newy_0076.jpeg","Zoologica Vol. VIII (1926-1931)","The Arcturus Operation and Equipment"
"https://raw.githubusercontent.com/stevenrossi/fishpoasting/main/images/zoologica/08/zoologicasci819261931newy_0080.jpeg","Zoologica Vol. VIII (1926-1931)","The Arcturus Operation and Equipment"
"https://raw.githubusercontent.com/stevenrossi/fishpoasting/main/images/zoologica/08/zoologicasci819261931newy_0082.jpeg","Zoologica Vol. VIII (1926-1931)","The Arcturus Operation and Equipment"
"https://raw.githubusercontent.com/stevenrossi/fishpoasting/main/images/zoologica/08/zoologicasci819261931newy_0084.jpeg","Zoologica Vol. VIII (1926-1931)","The Arcturus Operation and Equipment"
"https://raw.githubusercontent.com/stevenrossi/fishpoasting/main/images/zoologica/08/zoologicasci819261931newy_0086.jpeg","Zoologica Vol. VIII (1926-1931)","The Arcturus Operation and Equipment"
"https://raw.githubusercontent.com/stevenrossi/fishpoasting/main/images/zoologica/08/zoologicasci819261931newy_0088.jpeg","Zoologica Vol. VIII (1926-1931)","The Arcturus Operation and Equipment"
"https://raw.githubusercontent.com/stevenrossi/fishpoasting/main/images/zoologica/08/zoologicasci819261931newy_0091.jpeg","Zoologica Vol. VIII (1926-1931)","The Arcturus Operation and Equipment"
"https://raw.githubusercontent.com/stevenrossi/fishpoasting/main/images/zoologica/08/zoologicasci819261931newy_0092.jpeg","Zoologica Vol. VIII (1926-1931)","The Arcturus Operation and Equipment"
"https://raw.githubusercontent.com/stevenrossi/fishpoasting/main/images/zoologica/08/zoologicasci819261931newy_0094.jpeg","Zoologica Vol. VIII (1926-1931)","The Arcturus Operation and Equipment"
"https://raw.githubusercontent.com/stevenrossi/fishpoasting/main/images/zoologica/08/zoologicasci819261931newy_0095.jpeg","Zoologica Vol. VIII (1926-1931)","The Arcturus Operation and Equipment"
"https://raw.githubusercontent.com/stevenrossi/fishpoasting/main/images/zoologica/08/zoologicasci819261931newy_0097.jpeg","Zoologica Vol. VIII (1926-1931)","The Arcturus Operation and Equipment"
"https://raw.githubusercontent.com/stevenrossi/fishpoasting/main/images/zoologica/08/zoologicasci819261931newy_0098.jpeg","Zoologica Vol. VIII (1926-1931)","The Arcturus Operation and Equipment"
"https://raw.githubusercontent.com/stevenrossi/fishpoasting/main/images/zoologica/08/zoologicasci819261931newy_0100.jpeg","Zoologica Vol. VIII (1926-1931)","The Arcturus Operation and Equipment"
"https://raw.githubusercontent.com/stevenrossi/fishpoasting/main/images/zoologica/08/zoologicasci819261931newy_0101.jpeg","Zoologica Vol. VIII (1926-1931)","The Arcturus Operation and Equipment"
"https://raw.githubusercontent.com/stevenrossi/fishpoasting/main/images/zoologica/08/zoologicasci819261931newy_0103.jpeg","Zoologica Vol. VIII (1926-1931)","The Arcturus Operation and Equipment"
"https://raw.githubusercontent.com/stevenrossi/fishpoasting/main/images/zoologica/08/zoologicasci819261931newy_0105.jpeg","Zoologica Vol. VIII (1926-1931)","The Arcturus Operation and Equipment"
"https://raw.githubusercontent.com/stevenrossi/fishpoasting/main/images/zoologica/08/zoologicasci819261931newy_0107.jpeg","Zoologica Vol. VIII (1926-1931)","The Arcturus Operation and Equipment"
"https://raw.githubusercontent.com/stevenrossi/fishpoasting/main/images/zoologica/08/zoologicasci819261931newy_0108.jpeg","Zoologica Vol. VIII (1926-1931)","The Arcturus Operation and Equipment"
"https://raw.githubusercontent.com/stevenrossi/fishpoasting/main/images/zoologica/08/zoologicasci819261931newy_0110.jpeg","Zoologica Vol. VIII (1926-1931)","The Arcturus Operation and Equipment"
"https://raw.githubusercontent.com/stevenrossi/fishpoasting/main/images/zoologica/08/zoologicasci819261931newy_0111.jpeg","Zoologica Vol. VIII (1926-1931)","The Arcturus Operation and Equipment"
"https://raw.githubusercontent.com/stevenrossi/fishpoasting/main/images/zoologica/08/zoologicasci819261931newy_0113.jpeg","Zoologica Vol. VIII (1926-1931)","The Arcturus Operation and Equipment"
"https://raw.githubusercontent.com/stevenrossi/fishpoasting/main/images/zoologica/08/zoologicasci819261931newy_0118.jpeg","Zoologica Vol. VIII (1926-1931)","The Arcturus Operation and Equipment"
"https://raw.githubusercontent.com/stevenrossi/fishpoasting/main/images/zoologica/08/zoologicasci819261931newy_0123.jpeg","Zoologica Vol. VIII (1926-1931)","The Arcturus Operation and Equipment"
"https://raw.githubusercontent.com/stevenrossi/fishpoasting/main/images/zoologica/08/zoologicasci819261931newy_0142.jpeg","Zoologica Vol. VIII (1926-1931)","Brotulid Fishes"
"https://raw.githubusercontent.com/stevenrossi/fishpoasting/main/images/zoologica/08/zoologicasci819261931newy_0143.jpeg","Zoologica Vol. VIII (1926-1931)","Brotulid Fishes"
"https://raw.githubusercontent.com/stevenrossi/fishpoasting/main/images/zoologica/08/zoologicasci819261931newy_0146.jpeg","Zoologica Vol. VIII (1926-1931)","Brotulid Fishes"
"https://raw.githubusercontent.com/stevenrossi/fishpoasting/main/images/zoologica/08/zoologicasci819261931newy_0150.jpeg","Zoologica Vol. VIII (1926-1931)","Brotulid Fishes"
"https://raw.githubusercontent.com/stevenrossi/fishpoasting/main/images/zoologica/08/zoologicasci819261931newy_0163.jpeg","Zoologica Vol. VIII (1926-1931)","Galapagos brachyura"
"https://raw.githubusercontent.com/stevenrossi/fishpoasting/main/images/zoologica/08/zoologicasci819261931newy_0165.jpeg","Zoologica Vol. VIII (1926-1931)","Galapagos brachyura"
"https://raw.githubusercontent.com/stevenrossi/fishpoasting/main/images/zoologica/08/zoologicasci819261931newy_0166.jpeg","Zoologica Vol. VIII (1926-1931)","Galapagos brachyura"
"https://raw.githubusercontent.com/stevenrossi/fishpoasting/main/images/zoologica/08/zoologicasci819261931newy_0168.jpeg","Zoologica Vol. VIII (1926-1931)","Galapagos brachyura"
"https://raw.githubusercontent.com/stevenrossi/fishpoasting/main/images/zoologica/08/zoologicasci819261931newy_0170.jpeg","Zoologica Vol. VIII (1926-1931)","Galapagos brachyura"
"https://raw.githubusercontent.com/stevenrossi/fishpoasting/main/images/zoologica/08/zoologicasci819261931newy_0173.jpeg","Zoologica Vol. VIII (1926-1931)","Galapagos brachyura"
"https://raw.githubusercontent.com/stevenrossi/fishpoasting/main/images/zoologica/08/zoologicasci819261931newy_0174.jpeg","Zoologica Vol. VIII (1926-1931)","Galapagos brachyura"
"https://raw.githubusercontent.com/stevenrossi/fishpoasting/main/images/zoologica/08/zoologicasci819261931newy_0176.jpeg","Zoologica Vol. VIII (1926-1931)","Galapagos brachyura"
"https://raw.githubusercontent.com/stevenrossi/fishpoasting/main/images/zoologica/08/zoologicasci819261931newy_0177.jpeg","Zoologica Vol. VIII (1926-1931)","Galapagos brachyura"
"https://raw.githubusercontent.com/stevenrossi/fishpoasting/main/images/zoologica/08/zoologicasci819261931newy_0179.jpeg","Zoologica Vol. VIII (1926-1931)","Galapagos brachyura"
"https://raw.githubusercontent.com/stevenrossi/fishpoasting/main/images/zoologica/08/zoologicasci819261931newy_0181.jpeg","Zoologica Vol. VIII (1926-1931)","Galapagos brachyura"
"https://raw.githubusercontent.com/stevenrossi/fishpoasting/main/images/zoologica/08/zoologicasci819261931newy_0182.jpeg","Zoologica Vol. VIII (1926-1931)","Galapagos brachyura"
"https://raw.githubusercontent.com/stevenrossi/fishpoasting/main/images/zoologica/08/zoologicasci819261931newy_0183.jpeg","Zoologica Vol. VIII (1926-1931)","Galapagos brachyura"
"https://raw.githubusercontent.com/stevenrossi/fishpoasting/main/images/zoologica/08/zoologicasci819261931newy_0185.jpeg","Zoologica Vol. VIII (1926-1931)","Galapagos brachyura"
"https://raw.githubusercontent.com/stevenrossi/fishpoasting/main/images/zoologica/08/zoologicasci819261931newy_0186.jpeg","Zoologica Vol. VIII (1926-1931)","Galapagos brachyura"
"https://raw.githubusercontent.com/stevenrossi/fishpoasting/main/images/zoologica/08/zoologicasci819261931newy_0188.jpeg","Zoologica Vol. VIII (1926-1931)","Galapagos brachyura"
"https://raw.githubusercontent.com/stevenrossi/fishpoasting/main/images/zoologica/08/zoologicasci819261931newy_0191.jpeg","Zoologica Vol. VIII (1926-1931)","Galapagos brachyura"
"https://raw.githubusercontent.com/stevenrossi/fishpoasting/main/images/zoologica/08/zoologicasci819261931newy_0193.jpeg","Zoologica Vol. VIII (1926-1931)","Galapagos brachyura"
"https://raw.githubusercontent.com/stevenrossi/fishpoasting/main/images/zoologica/08/zoologicasci819261931newy_0195.jpeg","Zoologica Vol. VIII (1926-1931)","Galapagos brachyura"
"https://raw.githubusercontent.com/stevenrossi/fishpoasting/main/images/zoologica/08/zoologicasci819261931newy_0199.jpeg","Zoologica Vol. VIII (1926-1931)","Galapagos brachyura"
"https://raw.githubusercontent.com/stevenrossi/fishpoasting/main/images/zoologica/08/zoologicasci819261931newy_0200.jpeg","Zoologica Vol. VIII (1926-1931)","Galapagos brachyura"
"https://raw.githubusercontent.com/stevenrossi/fishpoasting/main/images/zoologica/08/zoologicasci819261931newy_0202.jpeg","Zoologica Vol. VIII (1926-1931)","Galapagos brachyura"
"https://raw.githubusercontent.com/stevenrossi/fishpoasting/main/images/zoologica/08/zoologicasci819261931newy_0204.jpeg","Zoologica Vol. VIII (1926-1931)","Galapagos brachyura"
"https://raw.githubusercontent.com/stevenrossi/fishpoasting/main/images/zoologica/08/zoologicasci819261931newy_0205.jpeg","Zoologica Vol. VIII (1926-1931)","Galapagos brachyura"
"https://raw.githubusercontent.com/stevenrossi/fishpoasting/main/images/zoologica/08/zoologicasci819261931newy_0206.jpeg","Zoologica Vol. VIII (1926-1931)","Galapagos brachyura"
"https://raw.githubusercontent.com/stevenrossi/fishpoasting/main/images/zoologica/08/zoologicasci819261931newy_0209.jpeg","Zoologica Vol. VIII (1926-1931)","Galapagos brachyura"
"https://raw.githubusercontent.com/stevenrossi/fishpoasting/main/images/zoologica/08/zoologicasci819261931newy_0211.jpeg","Zoologica Vol. VIII (1926-1931)","Galapagos brachyura"
"https://raw.githubusercontent.com/stevenrossi/fishpoasting/main/images/zoologica/08/zoologicasci819261931newy_0213.jpeg","Zoologica Vol. VIII (1926-1931)","Galapagos brachyura"
"https://raw.githubusercontent.com/stevenrossi/fishpoasting/main/images/zoologica/08/zoologicasci819261931newy_0215.jpeg","Zoologica Vol. VIII (1926-1931)","Galapagos brachyura"
"https://raw.githubusercontent.com/stevenrossi/fishpoasting/main/images/zoologica/08/zoologicasci819261931newy_0217.jpeg","Zoologica Vol. VIII (1926-1931)","Galapagos brachyura"
"https://raw.githubusercontent.com/stevenrossi/fishpoasting/main/images/zoologica/08/zoologicasci819261931newy_0219.jpeg","Zoologica Vol. VIII (1926-1931)","Galapagos brachyura"
"https://raw.githubusercontent.com/stevenrossi/fishpoasting/main/images/zoologica/08/zoologicasci819261931newy_0221.jpeg","Zoologica Vol. VIII (1926-1931)","Galapagos brachyura"
"https://raw.githubusercontent.com/stevenrossi/fishpoasting/main/images/zoologica/08/zoologicasci819261931newy_0224.jpeg","Zoologica Vol. VIII (1926-1931)","Galapagos brachyura"
"https://raw.githubusercontent.com/stevenrossi/fishpoasting/main/images/zoologica/08/zoologicasci819261931newy_0228.jpeg","Zoologica Vol. VIII (1926-1931)","Galapagos brachyura"
"https://raw.githubusercontent.com/stevenrossi/fishpoasting/main/images/zoologica/08/zoologicasci819261931newy_0230.jpeg","Zoologica Vol. VIII (1926-1931)","Galapagos brachyura"
"https://raw.githubusercontent.com/stevenrossi/fishpoasting/main/images/zoologica/08/zoologicasci819261931newy_0232.jpeg","Zoologica Vol. VIII (1926-1931)","Galapagos brachyura"
"https://raw.githubusercontent.com/stevenrossi/fishpoasting/main/images/zoologica/08/zoologicasci819261931newy_0234.jpeg","Zoologica Vol. VIII (1926-1931)","Galapagos brachyura"
"https://raw.githubusercontent.com/stevenrossi/fishpoasting/main/images/zoologica/08/zoologicasci819261931newy_0236.jpeg","Zoologica Vol. VIII (1926-1931)","Galapagos brachyura"
"https://raw.githubusercontent.com/stevenrossi/fishpoasting/main/images/zoologica/08/zoologicasci819261931newy_0238.jpeg","Zoologica Vol. VIII (1926-1931)","Galapagos brachyura"
"https://raw.githubusercontent.com/stevenrossi/fishpoasting/main/images/zoologica/08/zoologicasci819261931newy_0239.jpeg","Zoologica Vol. VIII (1926-1931)","Galapagos brachyura"
"https://raw.githubusercontent.com/stevenrossi/fishpoasting/main/images/zoologica/08/zoologicasci819261931newy_0240.jpeg","Zoologica Vol. VIII (1926-1931)","Galapagos brachyura"
"https://raw.githubusercontent.com/stevenrossi/fishpoasting/main/images/zoologica/08/zoologicasci819261931newy_0243.jpeg","Zoologica Vol. VIII (1926-1931)","Galapagos brachyura"
"https://raw.githubusercontent.com/stevenrossi/fishpoasting/main/images/zoologica/08/zoologicasci819261931newy_0244.jpeg","Zoologica Vol. VIII (1926-1931)","Galapagos brachyura"
"https://raw.githubusercontent.com/stevenrossi/fishpoasting/main/images/zoologica/08/zoologicasci819261931newy_0246.jpeg","Zoologica Vol. VIII (1926-1931)","Galapagos brachyura"
"https://raw.githubusercontent.com/stevenrossi/fishpoasting/main/images/zoologica/08/zoologicasci819261931newy_0248.jpeg","Zoologica Vol. VIII (1926-1931)","Galapagos brachyura"
"https://raw.githubusercontent.com/stevenrossi/fishpoasting/main/images/zoologica/08/zoologicasci819261931newy_0250.jpeg","Zoologica Vol. VIII (1926-1931)","Galapagos brachyura"
"https://raw.githubusercontent.com/stevenrossi/fishpoasting/main/images/zoologica/08/zoologicasci819261931newy_0252.jpeg","Zoologica Vol. VIII (1926-1931)","Galapagos brachyura"
"https://raw.githubusercontent.com/stevenrossi/fishpoasting/main/images/zoologica/08/zoologicasci819261931newy_0254.jpeg","Zoologica Vol. VIII (1926-1931)","Galapagos brachyura"
"https://raw.githubusercontent.com/stevenrossi/fishpoasting/main/images/zoologica/08/zoologicasci819261931newy_0256.jpeg","Zoologica Vol. VIII (1926-1931)","Galapagos brachyura"
"https://raw.githubusercontent.com/stevenrossi/fishpoasting/main/images/zoologica/08/zoologicasci819261931newy_0258.jpeg","Zoologica Vol. VIII (1926-1931)","Galapagos brachyura"
"https://raw.githubusercontent.com/stevenrossi/fishpoasting/main/images/zoologica/08/zoologicasci819261931newy_0261.jpeg","Zoologica Vol. VIII (1926-1931)","Galapagos brachyura"
"https://raw.githubusercontent.com/stevenrossi/fishpoasting/main/images/zoologica/08/zoologicasci819261931newy_0264.jpeg","Zoologica Vol. VIII (1926-1931)","Galapagos brachyura"
"https://raw.githubusercontent.com/stevenrossi/fishpoasting/main/images/zoologica/08/zoologicasci819261931newy_0267.jpeg","Zoologica Vol. VIII (1926-1931)","Galapagos brachyura"
"https://raw.githubusercontent.com/stevenrossi/fishpoasting/main/images/zoologica/08/zoologicasci819261931newy_0269.jpeg","Zoologica Vol. VIII (1926-1931)","Galapagos brachyura"
"https://raw.githubusercontent.com/stevenrossi/fishpoasting/main/images/zoologica/08/zoologicasci819261931newy_0273.jpeg","Zoologica Vol. VIII (1926-1931)","Galapagos brachyura"
"https://raw.githubusercontent.com/stevenrossi/fishpoasting/main/images/zoologica/08/zoologicasci819261931newy_0275.jpeg","Zoologica Vol. VIII (1926-1931)","Galapagos brachyura"
"https://raw.githubusercontent.com/stevenrossi/fishpoasting/main/images/zoologica/08/zoologicasci819261931newy_0277.jpeg","Zoologica Vol. VIII (1926-1931)","Galapagos brachyura"
"https://raw.githubusercontent.com/stevenrossi/fishpoasting/main/images/zoologica/08/zoologicasci819261931newy_0284.jpeg","Zoologica Vol. VIII (1926-1931)","Galapagos brachyura"
"https://raw.githubusercontent.com/stevenrossi/fishpoasting/main/images/zoologica/08/zoologicasci819261931newy_0286.jpeg","Zoologica Vol. VIII (1926-1931)","Galapagos brachyura"
"https://raw.githubusercontent.com/stevenrossi/fishpoasting/main/images/zoologica/08/zoologicasci819261931newy_0290.jpeg","Zoologica Vol. VIII (1926-1931)","Galapagos brachyura"
"https://raw.githubusercontent.com/stevenrossi/fishpoasting/main/images/zoologica/08/zoologicasci819261931newy_0292.jpeg","Zoologica Vol. VIII (1926-1931)","Galapagos brachyura"
"https://raw.githubusercontent.com/stevenrossi/fishpoasting/main/images/zoologica/08/zoologicasci819261931newy_0297.jpeg","Zoologica Vol. VIII (1926-1931)","Galapagos brachyura"
"https://raw.githubusercontent.com/stevenrossi/fishpoasting/main/images/zoologica/08/zoologicasci819261931newy_0300.jpeg","Zoologica Vol. VIII (1926-1931)","Galapagos brachyura"
"https://raw.githubusercontent.com/stevenrossi/fishpoasting/main/images/zoologica/08/zoologicasci819261931newy_0304.jpeg","Zoologica Vol. VIII (1926-1931)","Galapagos brachyura"
"https://raw.githubusercontent.com/stevenrossi/fishpoasting/main/images/zoologica/08/zoologicasci819261931newy_0311.jpeg","Zoologica Vol. VIII (1926-1931)","Galapagos brachyura"
"https://raw.githubusercontent.com/stevenrossi/fishpoasting/main/images/zoologica/08/zoologicasci819261931newy_0313.jpeg","Zoologica Vol. VIII (1926-1931)","Galapagos brachyura"
"https://raw.githubusercontent.com/stevenrossi/fishpoasting/main/images/zoologica/08/zoologicasci819261931newy_0315.jpeg","Zoologica Vol. VIII (1926-1931)","Galapagos brachyura"
"https://raw.githubusercontent.com/stevenrossi/fishpoasting/main/images/zoologica/08/zoologicasci819261931newy_0316.jpeg","Zoologica Vol. VIII (1926-1931)","Galapagos brachyura"
"https://raw.githubusercontent.com/stevenrossi/fishpoasting/main/images/zoologica/08/zoologicasci819261931newy_0318.jpeg","Zoologica Vol. VIII (1926-1931)","Galapagos brachyura"
"https://raw.githubusercontent.com/stevenrossi/fishpoasting/main/images/zoologica/08/zoologicasci819261931newy_0325.jpeg","Zoologica Vol. VIII (1926-1931)","The embryology of the American Eel (Anguilla rostrata Lesueur)"
"https://raw.githubusercontent.com/stevenrossi/fishpoasting/main/images/zoologica/08/zoologicasci819261931newy_0327.jpeg","Zoologica Vol. VIII (1926-1931)","The embryology of the American Eel (Anguilla rostrata Lesueur)"
"https://raw.githubusercontent.com/stevenrossi/fishpoasting/main/images/zoologica/08/zoologicasci819261931newy_0330.jpeg","Zoologica Vol. VIII (1926-1931)","The embryology of the American Eel (Anguilla rostrata Lesueur)"
"https://raw.githubusercontent.com/stevenrossi/fishpoasting/main/images/zoologica/08/zoologicasci819261931newy_0333.jpeg","Zoologica Vol. VIII (1926-1931)","The embryology of the American Eel (Anguilla rostrata Lesueur)"
"https://raw.githubusercontent.com/stevenrossi/fishpoasting/main/images/zoologica/08/zoologicasci819261931newy_0335.jpeg","Zoologica Vol. VIII (1926-1931)","The embryology of the American Eel (Anguilla rostrata Lesueur)"
"https://raw.githubusercontent.com/stevenrossi/fishpoasting/main/images/zoologica/08/zoologicasci819261931newy_0336.jpeg","Zoologica Vol. VIII (1926-1931)","The embryology of the American Eel (Anguilla rostrata Lesueur)"
"https://raw.githubusercontent.com/stevenrossi/fishpoasting/main/images/zoologica/08/zoologicasci819261931newy_0340.jpeg","Zoologica Vol. VIII (1926-1931)","The embryology of the American Eel (Anguilla rostrata Lesueur)"
"https://raw.githubusercontent.com/stevenrossi/fishpoasting/main/images/zoologica/08/zoologicasci819261931newy_0371.jpeg","Zoologica Vol. VIII (1926-1931)","Studies on the body-forms of fishes"
"https://raw.githubusercontent.com/stevenrossi/fishpoasting/main/images/zoologica/08/zoologicasci819261931newy_0374.jpeg","Zoologica Vol. VIII (1926-1931)","Studies on the body-forms of fishes"
"https://raw.githubusercontent.com/stevenrossi/fishpoasting/main/images/zoologica/08/zoologicasci819261931newy_0375.jpeg","Zoologica Vol. VIII (1926-1931)","Studies on the body-forms of fishes"
"https://raw.githubusercontent.com/stevenrossi/fishpoasting/main/images/zoologica/08/zoologicasci819261931newy_0377.jpeg","Zoologica Vol. VIII (1926-1931)","Studies on the body-forms of fishes"
"https://raw.githubusercontent.com/stevenrossi/fishpoasting/main/images/zoologica/08/zoologicasci819261931newy_0379.jpeg","Zoologica Vol. VIII (1926-1931)","Studies on the body-forms of fishes"
"https://raw.githubusercontent.com/stevenrossi/fishpoasting/main/images/zoologica/08/zoologicasci819261931newy_0380.jpeg","Zoologica Vol. VIII (1926-1931)","Studies on the body-forms of fishes"
"https://raw.githubusercontent.com/stevenrossi/fishpoasting/main/images/zoologica/08/zoologicasci819261931newy_0382.jpeg","Zoologica Vol. VIII (1926-1931)","Studies on the body-forms of fishes"
"https://raw.githubusercontent.com/stevenrossi/fishpoasting/main/images/zoologica/08/zoologicasci819261931newy_0383.jpeg","Zoologica Vol. VIII (1926-1931)","Studies on the body-forms of fishes"
"https://raw.githubusercontent.com/stevenrossi/fishpoasting/main/images/zoologica/08/zoologicasci819261931newy_0384.jpeg","Zoologica Vol. VIII (1926-1931)","Studies on the body-forms of fishes"
"https://raw.githubusercontent.com/stevenrossi/fishpoasting/main/images/zoologica/08/zoologicasci819261931newy_0386.jpeg","Zoologica Vol. VIII (1926-1931)","Studies on the body-forms of fishes"
"https://raw.githubusercontent.com/stevenrossi/fishpoasting/main/images/zoologica/08/zoologicasci819261931newy_0387.jpeg","Zoologica Vol. VIII (1926-1931)","Studies on the body-forms of fishes"
"https://raw.githubusercontent.com/stevenrossi/fishpoasting/main/images/zoologica/08/zoologicasci819261931newy_0388.jpeg","Zoologica Vol. VIII (1926-1931)","Studies on the body-forms of fishes"
"https://raw.githubusercontent.com/stevenrossi/fishpoasting/main/images/zoologica/08/zoologicasci819261931newy_0389.jpeg","Zoologica Vol. VIII (1926-1931)","Studies on the body-forms of fishes"
"https://raw.githubusercontent.com/stevenrossi/fishpoasting/main/images/zoologica/08/zoologicasci819261931newy_0390.jpeg","Zoologica Vol. VIII (1926-1931)","Studies on the body-forms of fishes"
"https://raw.githubusercontent.com/stevenrossi/fishpoasting/main/images/zoologica/08/zoologicasci819261931newy_0391.jpeg","Zoologica Vol. VIII (1926-1931)","Studies on the body-forms of fishes"
"https://raw.githubusercontent.com/stevenrossi/fishpoasting/main/images/zoologica/08/zoologicasci819261931newy_0392.jpeg","Zoologica Vol. VIII (1926-1931)","Studies on the body-forms of fishes"
"https://raw.githubusercontent.com/stevenrossi/fishpoasting/main/images/zoologica/08/zoologicasci819261931newy_0393.jpeg","Zoologica Vol. VIII (1926-1931)","Studies on the body-forms of fishes"
"https://raw.githubusercontent.com/stevenrossi/fishpoasting/main/images/zoologica/08/zoologicasci819261931newy_0394.jpeg","Zoologica Vol. VIII (1926-1931)","Studies on the body-forms of fishes"
"https://raw.githubusercontent.com/stevenrossi/fishpoasting/main/images/zoologica/08/zoologicasci819261931newy_0395.jpeg","Zoologica Vol. VIII (1926-1931)","Studies on the body-forms of fishes"
"https://raw.githubusercontent.com/stevenrossi/fishpoasting/main/images/zoologica/08/zoologicasci819261931newy_0396.jpeg","Zoologica Vol. VIII (1926-1931)","Studies on the body-forms of fishes"
"https://raw.githubusercontent.com/stevenrossi/fishpoasting/main/images/zoologica/08/zoologicasci819261931newy_0398.jpeg","Zoologica Vol. VIII (1926-1931)","Studies on the body-forms of fishes"
"https://raw.githubusercontent.com/stevenrossi/fishpoasting/main/images/zoologica/08/zoologicasci819261931newy_0399.jpeg","Zoologica Vol. VIII (1926-1931)","Studies on the body-forms of fishes"
"https://raw.githubusercontent.com/stevenrossi/fishpoasting/main/images/zoologica/08/zoologicasci819261931newy_0400.jpeg","Zoologica Vol. VIII (1926-1931)","Studies on the body-forms of fishes"
"https://raw.githubusercontent.com/stevenrossi/fishpoasting/main/images/zoologica/08/zoologicasci819261931newy_0401.jpeg","Zoologica Vol. VIII (1926-1931)","Studies on the body-forms of fishes"
"https://raw.githubusercontent.com/stevenrossi/fishpoasting/main/images/zoologica/08/zoologicasci819261931newy_0403.jpeg","Zoologica Vol. VIII (1926-1931)","Studies on the body-forms of fishes"
"https://raw.githubusercontent.com/stevenrossi/fishpoasting/main/images/zoologica/08/zoologicasci819261931newy_0404.jpeg","Zoologica Vol. VIII (1926-1931)","Studies on the body-forms of fishes"
"https://raw.githubusercontent.com/stevenrossi/fishpoasting/main/images/zoologica/08/zoologicasci819261931newy_0405.jpeg","Zoologica Vol. VIII (1926-1931)","Studies on the body-forms of fishes"
"https://raw.githubusercontent.com/stevenrossi/fishpoasting/main/images/zoologica/08/zoologicasci819261931newy_0406.jpeg","Zoologica Vol. VIII (1926-1931)","Studies on the body-forms of fishes"
"https://raw.githubusercontent.com/stevenrossi/fishpoasting/main/images/zoologica/08/zoologicasci819261931newy_0408.jpeg","Zoologica Vol. VIII (1926-1931)","Studies on the body-forms of fishes"
"https://raw.githubusercontent.com/stevenrossi/fishpoasting/main/images/zoologica/08/zoologicasci819261931newy_0409.jpeg","Zoologica Vol. VIII (1926-1931)","Studies on the body-forms of fishes"
"https://raw.githubusercontent.com/stevenrossi/fishpoasting/main/images/zoologica/08/zoologicasci819261931newy_0410.jpeg","Zoologica Vol. VIII (1926-1931)","Studies on the body-forms of fishes"
"https://raw.githubusercontent.com/stevenrossi/fishpoasting/main/images/zoologica/08/zoologicasci819261931newy_0412.jpeg","Zoologica Vol. VIII (1926-1931)","Studies on the body-forms of fishes"
"https://raw.githubusercontent.com/stevenrossi/fishpoasting/main/images/zoologica/08/zoologicasci819261931newy_0413.jpeg","Zoologica Vol. VIII (1926-1931)","Studies on the body-forms of fishes"
"https://raw.githubusercontent.com/stevenrossi/fishpoasting/main/images/zoologica/08/zoologicasci819261931newy_0414.jpeg","Zoologica Vol. VIII (1926-1931)","Studies on the body-forms of fishes"
"https://raw.githubusercontent.com/stevenrossi/fishpoasting/main/images/zoologica/08/zoologicasci819261931newy_0415.jpeg","Zoologica Vol. VIII (1926-1931)","Studies on the body-forms of fishes"
"https://raw.githubusercontent.com/stevenrossi/fishpoasting/main/images/zoologica/08/zoologicasci819261931newy_0416.jpeg","Zoologica Vol. VIII (1926-1931)","Studies on the body-forms of fishes"
"https://raw.githubusercontent.com/stevenrossi/fishpoasting/main/images/zoologica/08/zoologicasci819261931newy_0463.jpeg","Zoologica Vol. VIII (1926-1931)","Synentognathi"
"https://raw.githubusercontent.com/stevenrossi/fishpoasting/main/images/zoologica/08/zoologicasci819261931newy_0464.jpeg","Zoologica Vol. VIII (1926-1931)","Synentognathi"
"https://raw.githubusercontent.com/stevenrossi/fishpoasting/main/images/zoologica/08/zoologicasci819261931newy_0465.jpeg","Zoologica Vol. VIII (1926-1931)","Synentognathi"
"https://raw.githubusercontent.com/stevenrossi/fishpoasting/main/images/zoologica/08/zoologicasci819261931newy_0466.jpeg","Zoologica Vol. VIII (1926-1931)","Synentognathi"
"https://raw.githubusercontent.com/stevenrossi/fishpoasting/main/images/zoologica/08/zoologicasci819261931newy_0467.jpeg","Zoologica Vol. VIII (1926-1931)","Synentognathi"
"https://raw.githubusercontent.com/stevenrossi/fishpoasting/main/images/zoologica/08/zoologicasci819261931newy_0468.jpeg","Zoologica Vol. VIII (1926-1931)","Synentognathi"
"https://raw.githubusercontent.com/stevenrossi/fishpoasting/main/images/zoologica/08/zoologicasci819261931newy_0469.jpeg","Zoologica Vol. VIII (1926-1931)","Synentognathi"
"https://raw.githubusercontent.com/stevenrossi/fishpoasting/main/images/zoologica/08/zoologicasci819261931newy_0470.jpeg","Zoologica Vol. VIII (1926-1931)","Synentognathi"
"https://raw.githubusercontent.com/stevenrossi/fishpoasting/main/images/zoologica/08/zoologicasci819261931newy_0471.jpeg","Zoologica Vol. VIII (1926-1931)","Synentognathi"
"https://raw.githubusercontent.com/stevenrossi/fishpoasting/main/images/zoologica/08/zoologicasci819261931newy_0472.jpeg","Zoologica Vol. VIII (1926-1931)","Synentognathi"
"https://raw.githubusercontent.com/stevenrossi/fishpoasting/main/images/zoologica/08/zoologicasci819261931newy_0473.jpeg","Zoologica Vol. VIII (1926-1931)","Synentognathi"
"https://raw.githubusercontent.com/stevenrossi/fishpoasting/main/images/zoologica/08/zoologicasci819261931newy_0475.jpeg","Zoologica Vol. VIII (1926-1931)","Synentognathi"
"https://raw.githubusercontent.com/stevenrossi/fishpoasting/main/images/zoologica/08/zoologicasci819261931newy_0479.jpeg","Zoologica Vol. VIII (1926-1931)","Synentognathi"
"https://raw.githubusercontent.com/stevenrossi/fishpoasting/main/images/zoologica/08/zoologicasci819261931newy_0483.jpeg","Zoologica Vol. VIII (1926-1931)","Synentognathi"
"https://raw.githubusercontent.com/stevenrossi/fishpoasting/main/images/zoologica/08/zoologicasci819261931newy_0484.jpeg","Zoologica Vol. VIII (1926-1931)","Synentognathi"
"https://raw.githubusercontent.com/stevenrossi/fishpoasting/main/images/zoologica/08/zoologicasci819261931newy_0485.jpeg","Zoologica Vol. VIII (1926-1931)","Synentognathi"
"https://raw.githubusercontent.com/stevenrossi/fishpoasting/main/images/zoologica/08/zoologicasci819261931newy_0486.jpeg","Zoologica Vol. VIII (1926-1931)","Synentognathi"
"https://raw.githubusercontent.com/stevenrossi/fishpoasting/main/images/zoologica/08/zoologicasci819261931newy_0546.jpeg","Zoologica Vol. VIII (1926-1931)","Scyphomedusae"
"https://raw.githubusercontent.com/stevenrossi/fishpoasting/main/images/zoologica/08/zoologicasci819261931newy_0578.jpeg","Zoologica Vol. VIII (1926-1931)","Siphonophorae"
"https://raw.githubusercontent.com/stevenrossi/fishpoasting/main/images/zoologica/08/zoologicasci819261931newy_0580.jpeg","Zoologica Vol. VIII (1926-1931)","Siphonophorae"
"https://raw.githubusercontent.com/stevenrossi/fishpoasting/main/images/zoologica/08/zoologicasci819261931newy_0581.jpeg","Zoologica Vol. VIII (1926-1931)","Siphonophorae"
"https://raw.githubusercontent.com/stevenrossi/fishpoasting/main/images/zoologica/08/zoologicasci819261931newy_0582.jpeg","Zoologica Vol. VIII (1926-1931)","Siphonophorae"
"https://raw.githubusercontent.com/stevenrossi/fishpoasting/main/images/zoologica/08/zoologicasci819261931newy_0585.jpeg","Zoologica Vol. VIII (1926-1931)","Siphonophorae"
"https://raw.githubusercontent.com/stevenrossi/fishpoasting/main/images/zoologica/08/zoologicasci819261931newy_0591.jpeg","Zoologica Vol. VIII (1926-1931)","Siphonophorae"
"https://raw.githubusercontent.com/stevenrossi/fishpoasting/main/images/zoologica/08/zoologicasci819261931newy_0592.jpeg","Zoologica Vol. VIII (1926-1931)","Siphonophorae"
"https://raw.githubusercontent.com/stevenrossi/fishpoasting/main/images/zoologica/08/zoologicasci819261931newy_0593.jpeg","Zoologica Vol. VIII (1926-1931)","Siphonophorae"
"https://raw.githubusercontent.com/stevenrossi/fishpoasting/main/images/zoologica/08/zoologicasci819261931newy_0594.jpeg","Zoologica Vol. VIII (1926-1931)","Siphonophorae"
"https://raw.githubusercontent.com/stevenrossi/fishpoasting/main/images/zoologica/08/zoologicasci819261931newy_0597.jpeg","Zoologica Vol. VIII (1926-1931)","Siphonophorae"
"https://raw.githubusercontent.com/stevenrossi/fishpoasting/main/images/zoologica/08/zoologicasci819261931newy_0598.jpeg","Zoologica Vol. VIII (1926-1931)","Siphonophorae"
"https://raw.githubusercontent.com/stevenrossi/fishpoasting/main/images/zoologica/08/zoologicasci819261931newy_0599.jpeg","Zoologica Vol. VIII (1926-1931)","Siphonophorae"
"https://raw.githubusercontent.com/stevenrossi/fishpoasting/main/images/zoologica/08/zoologicasci819261931newy_0600.jpeg","Zoologica Vol. VIII (1926-1931)","Siphonophorae"
"https://raw.githubusercontent.com/stevenrossi/fishpoasting/main/images/zoologica/08/zoologicasci819261931newy_0602.jpeg","Zoologica Vol. VIII (1926-1931)","Siphonophorae"
"https://raw.githubusercontent.com/stevenrossi/fishpoasting/main/images/zoologica/08/zoologicasci819261931newy_0603.jpeg","Zoologica Vol. VIII (1926-1931)","Siphonophorae"
"https://raw.githubusercontent.com/stevenrossi/fishpoasting/main/images/zoologica/08/zoologicasci819261931newy_0604.jpeg","Zoologica Vol. VIII (1926-1931)","Siphonophorae"
"https://raw.githubusercontent.com/stevenrossi/fishpoasting/main/images/zoologica/08/zoologicasci819261931newy_0607.jpeg","Zoologica Vol. VIII (1926-1931)","Siphonophorae"
"https://raw.githubusercontent.com/stevenrossi/fishpoasting/main/images/zoologica/08/zoologicasci819261931newy_0608.jpeg","Zoologica Vol. VIII (1926-1931)","Siphonophorae"
"https://raw.githubusercontent.com/stevenrossi/fishpoasting/main/images/zoologica/08/zoologicasci819261931newy_0609.jpeg","Zoologica Vol. VIII (1926-1931)","Siphonophorae"
"https://raw.githubusercontent.com/stevenrossi/fishpoasting/main/images/zoologica/08/zoologicasci819261931newy_0613.jpeg","Zoologica Vol. VIII (1926-1931)","Siphonophorae"
"https://raw.githubusercontent.com/stevenrossi/fishpoasting/main/images/zoologica/08/zoologicasci819261931newy_0614.jpeg","Zoologica Vol. VIII (1926-1931)","Siphonophorae"
"https://raw.githubusercontent.com/stevenrossi/fishpoasting/main/images/zoologica/08/zoologicasci819261931newy_0616.jpeg","Zoologica Vol. VIII (1926-1931)","Siphonophorae"
"https://raw.githubusercontent.com/stevenrossi/fishpoasting/main/images/zoologica/08/zoologicasci819261931newy_0617.jpeg","Zoologica Vol. VIII (1926-1931)","Siphonophorae"
"https://raw.githubusercontent.com/stevenrossi/fishpoasting/main/images/zoologica/08/zoologicasci819261931newy_0618.jpeg","Zoologica Vol. VIII (1926-1931)","Siphonophorae"
"https://raw.githubusercontent.com/stevenrossi/fishpoasting/main/images/zoologica/08/zoologicasci819261931newy_0619.jpeg","Zoologica Vol. VIII (1926-1931)","Siphonophorae"
"https://raw.githubusercontent.com/stevenrossi/fishpoasting/main/images/zoologica/08/zoologicasci819261931newy_0620.jpeg","Zoologica Vol. VIII (1926-1931)","Siphonophorae"
"https://raw.githubusercontent.com/stevenrossi/fishpoasting/main/images/zoologica/08/zoologicasci819261931newy_0624.jpeg","Zoologica Vol. VIII (1926-1931)","Siphonophorae"
"https://raw.githubusercontent.com/stevenrossi/fishpoasting/main/images/zoologica/08/zoologicasci819261931newy_0625.jpeg","Zoologica Vol. VIII (1926-1931)","Siphonophorae"
"https://raw.githubusercontent.com/stevenrossi/fishpoasting/main/images/zoologica/08/zoologicasci819261931newy_0629.jpeg","Zoologica Vol. VIII (1926-1931)","Siphonophorae"
"https://raw.githubusercontent.com/stevenrossi/fishpoasting/main/images/zoologica/08/zoologicasci819261931newy_0630.jpeg","Zoologica Vol. VIII (1926-1931)","Siphonophorae"
"https://raw.githubusercontent.com/stevenrossi/fishpoasting/main/images/zoologica/09/plate1.png","Zoologica Vol. IX (1927-1933)","Record of Changes in Color among Fishes"
"https://raw.githubusercontent.com/stevenrossi/fishpoasting/main/images/zoologica/09/plate2.png","Zoologica Vol. IX (1927-1933)","Record of Changes in Color among Fishes"
"https://raw.githubusercontent.com/stevenrossi/fishpoasting/main/images/zoologica/09/plate3.png","Zoologica Vol. IX (1927-1933)","Record of Changes in Color among Fishes"
"https://raw.githubusercontent.com/stevenrossi/fishpoasting/main/images/zoologica/09/plate4.png","Zoologica Vol. IX (1927-1933)","Record of Changes in Color among Fishes"
"https://raw.githubusercontent.com/stevenrossi/fishpoasting/main/images/zoologica/09/plate5.png","Zoologica Vol. IX (1927-1933)","Record of Changes in Color among Fishes"
"https://raw.githubusercontent.com/stevenrossi/fishpoasting/main/images/zoologica/09/plate6.png","Zoologica Vol. IX (1927-1933)","Record of Changes in Color among Fishes"
"https://raw.githubusercontent.com/stevenrossi/fishpoasting/main/images/zoologica/09/plate7.png","Zoologica Vol. IX (1927-1933)","Record of Changes in Color among Fishes"
"https://raw.githubusercontent.com/stevenrossi/fishpoasting/main/images/zoologica/09/plate8.png","Zoologica Vol. IX (1927-1933)","Record of Changes in Color among Fishes"
"https://raw.githubusercontent.com/stevenrossi/fishpoasting/main/images/zoologica/09/plate9.png","Zoologica Vol. IX (1927-1933)","Record of Changes in Color among Fishes"
"https://raw.githubusercontent.com/stevenrossi/fishpoasting/main/images/zoologica/09/plate10.png","Zoologica Vol. IX (1927-1933)","Record of Changes in Color among Fishes"
"https://raw.githubusercontent.com/stevenrossi/fishpoasting/main/images/zoologica/09/plate11.png","Zoologica Vol. IX (1927-1933)","Record of Changes in Color among Fishes"
"https://raw.githubusercontent.com/stevenrossi/fishpoasting/main/images/zoologica/09/plate12.png","Zoologica Vol. IX (1927-1933)","Record of Changes in Color among Fishes"
"https://raw.githubusercontent.com/stevenrossi/fishpoasting/main/images/zoologica/09/plate13.png","Zoologica Vol. IX (1927-1933)","Record of Changes in Color among Fishes"
"https://raw.githubusercontent.com/stevenrossi/fishpoasting/main/images/zoologica/09/plate14.png","Zoologica Vol. IX (1927-1933)","Record of Changes in Color among Fishes"
"https://raw.githubusercontent.com/stevenrossi/fishpoasting/main/images/zoologica/09/plate15.png","Zoologica Vol. IX (1927-1933)","Record of Changes in Color among Fishes"
"https://raw.githubusercontent.com/stevenrossi/fishpoasting/main/images/zoologica/09/plate16.png","Zoologica Vol. IX (1927-1933)","Record of Changes in Color among Fishes"
"https://raw.githubusercontent.com/stevenrossi/fishpoasting/main/images/zoologica/09/plate17.png","Zoologica Vol. IX (1927-1933)","Record of Changes in Color among Fishes"
"https://raw.githubusercontent.com/stevenrossi/fishpoasting/main/images/zoologica/09/plate18.png","Zoologica Vol. IX (1927-1933)","Record of Changes in Color among Fishes"
"https://raw.githubusercontent.com/stevenrossi/fishpoasting/main/images/zoologica/09/plate19.png","Zoologica Vol. IX (1927-1933)","Record of Changes in Color among Fishes"
"https://raw.githubusercontent.com/stevenrossi/fishpoasting/main/images/zoologica/09/plate20.png","Zoologica Vol. IX (1927-1933)","Record of Changes in Color among Fishes"
"https://raw.githubusercontent.com/stevenrossi/fishpoasting/main/images/zoologica/09/plate21.png","Zoologica Vol. IX (1927-1933)","Record of Changes in Color among Fishes"
"https://raw.githubusercontent.com/stevenrossi/fishpoasting/main/images/zoologica/09/plate22.png","Zoologica Vol. IX (1927-1933)","Record of Changes in Color among Fishes"
"https://raw.githubusercontent.com/stevenrossi/fishpoasting/main/images/zoologica/09/plate23.png","Zoologica Vol. IX (1927-1933)","Record of Changes in Color among Fishes"
"https://raw.githubusercontent.com/stevenrossi/fishpoasting/main/images/zoologica/09/plate24.png","Zoologica Vol. IX (1927-1933)","Record of Changes in Color among Fishes"
"https://raw.githubusercontent.com/stevenrossi/fishpoasting/main/images/zoologica/09/plate25.png","Zoologica Vol. IX (1927-1933)","Record of Changes in Color among Fishes"
"https://raw.githubusercontent.com/stevenrossi/fishpoasting/main/images/zoologica/09/plate26.png","Zoologica Vol. IX (1927-1933)","Record of Changes in Color among Fishes"
"https://raw.githubusercontent.com/stevenrossi/fishpoasting/main/images/zoologica/09/plate27.png","Zoologica Vol. IX (1927-1933)","Record of Changes in Color among Fishes"
"https://raw.githubusercontent.com/stevenrossi/fishpoasting/main/images/zoologica/12/zoologica121319291934newy_0053.jpeg","Zoologica Vol. XII (1929-1934)","Haplophryne hudsonius"
"https://raw.githubusercontent.com/stevenrossi/fishpoasting/main/images/zoologica/12/zoologica121319291934newy_0054.jpeg","Zoologica Vol. XII (1929-1934)","Haplophryne hudsonius"
"https://raw.githubusercontent.com/stevenrossi/fishpoasting/main/images/zoologica/12/zoologica121319291934newy_0055.jpeg","Zoologica Vol. XII (1929-1934)","Haplophryne hudsonius"
"https://raw.githubusercontent.com/stevenrossi/fishpoasting/main/images/zoologica/12/zoologica121319291934newy_0056.jpeg","Zoologica Vol. XII (1929-1934)","Haplophryne hudsonius"
"https://raw.githubusercontent.com/stevenrossi/fishpoasting/main/images/zoologica/12/zoologica121319291934newy_0069.jpeg","Zoologica Vol. XII (1929-1934)","Notostomus beebei"
"https://raw.githubusercontent.com/stevenrossi/fishpoasting/main/images/zoologica/12/zoologica121319291934newy_0081.jpeg","Zoologica Vol. XII (1929-1934)","New decapod and isopod crustaceans from Gonave Bay, Haiti"
"https://raw.githubusercontent.com/stevenrossi/fishpoasting/main/images/zoologica/12/zoologica121319291934newy_0084.jpeg","Zoologica Vol. XII (1929-1934)","New decapod and isopod crustaceans from Gonave Bay, Haiti"
"https://raw.githubusercontent.com/stevenrossi/fishpoasting/main/images/zoologica/12/zoologica121319291934newy_0088.jpeg","Zoologica Vol. XII (1929-1934)","New decapod and isopod crustaceans from Gonave Bay, Haiti"
"https://raw.githubusercontent.com/stevenrossi/fishpoasting/main/images/zoologica/12/zoologica121319291934newy_0090.jpeg","Zoologica Vol. XII (1929-1934)","New decapod and isopod crustaceans from Gonave Bay, Haiti"
"https://raw.githubusercontent.com/stevenrossi/fishpoasting/main/images/zoologica/12/zoologica121319291934newy_0108.jpeg","Zoologica Vol. XII (1929-1934)","Gill-Finned Goby"
"https://raw.githubusercontent.com/stevenrossi/fishpoasting/main/images/zoologica/12/zoologica121319291934newy_0142.jpeg","Zoologica Vol. XII (1929-1934)","New species of fish from the West Indies"
"https://raw.githubusercontent.com/stevenrossi/fishpoasting/main/images/zoologica/12/zoologica121319291934newy_0145.jpeg","Zoologica Vol. XII (1929-1934)","New species of fish from the West Indies"
"https://raw.githubusercontent.com/stevenrossi/fishpoasting/main/images/zoologica/12/zoologica121319291934newy_0155.jpeg","Zoologica Vol. XII (1929-1934)","Clearing and dyeing fish for bone study"
"https://raw.githubusercontent.com/stevenrossi/fishpoasting/main/images/zoologica/12/zoologica121319291934newy_0158.jpeg","Zoologica Vol. XII (1929-1934)","Clearing and dyeing fish for bone study"
"https://raw.githubusercontent.com/stevenrossi/fishpoasting/main/images/zoologica/12/zoologica121319291934newy_0160.jpeg","Zoologica Vol. XII (1929-1934)","Clearing and dyeing fish for bone study"
"https://raw.githubusercontent.com/stevenrossi/fishpoasting/main/images/zoologica/12/zoologica121319291934newy_0162.jpeg","Zoologica Vol. XII (1929-1934)","Clearing and dyeing fish for bone study"
"https://raw.githubusercontent.com/stevenrossi/fishpoasting/main/images/zoologica/12/zoologica121319291934newy_0186.jpeg","Zoologica Vol. XII (1929-1934)","Bermuda Oceanographic Expeditions 1929-1930"
"https://raw.githubusercontent.com/stevenrossi/fishpoasting/main/images/zoologica/12/zoologica121319291934newy_0188.jpeg","Zoologica Vol. XII (1929-1934)","Bermuda Oceanographic Expeditions 1929-1930"
"https://raw.githubusercontent.com/stevenrossi/fishpoasting/main/images/zoologica/12/zoologica121319291934newy_0190.jpeg","Zoologica Vol. XII (1929-1934)","Bermuda Oceanographic Expeditions 1929-1930"
"https://raw.githubusercontent.com/stevenrossi/fishpoasting/main/images/zoologica/12/zoologica121319291934newy_0192.jpeg","Zoologica Vol. XII (1929-1934)","Bermuda Oceanographic Expeditions 1929-1930"
"https://raw.githubusercontent.com/stevenrossi/fishpoasting/main/images/zoologica/12/zoologica121319291934newy_0193.jpeg","Zoologica Vol. XII (1929-1934)","Bermuda Oceanographic Expeditions 1929-1930"
"https://raw.githubusercontent.com/stevenrossi/fishpoasting/main/images/zoologica/12/zoologica121319291934newy_0194.jpeg","Zoologica Vol. XII (1929-1934)","Bermuda Oceanographic Expeditions 1929-1930"
"https://raw.githubusercontent.com/stevenrossi/fishpoasting/main/images/zoologica/12/zoologica121319291934newy_0195.jpeg","Zoologica Vol. XII (1929-1934)","Bermuda Oceanographic Expeditions 1929-1930"
"https://raw.githubusercontent.com/stevenrossi/fishpoasting/main/images/zoologica/12/zoologica121319291934newy_0242.jpeg","Zoologica Vol. XII (1929-1934)","Nineteen new species and four post-larvel deep-sea fish"
"https://raw.githubusercontent.com/stevenrossi/fishpoasting/main/images/zoologica/12/zoologica121319291934newy_0254.jpeg","Zoologica Vol. XII (1929-1934)","New species of deep-sea fish"
"https://raw.githubusercontent.com/stevenrossi/fishpoasting/main/images/zoologica/12/zoologica121319291934newy_0255.jpeg","Zoologica Vol. XII (1929-1934)","New species of deep-sea fish"
"https://raw.githubusercontent.com/stevenrossi/fishpoasting/main/images/zoologica/12/zoologica121319291934newy_0256.jpeg","Zoologica Vol. XII (1929-1934)","New species of deep-sea fish"
"https://raw.githubusercontent.com/stevenrossi/fishpoasting/main/images/zoologica/12/zoologica121319291934newy_0258.jpeg","Zoologica Vol. XII (1929-1934)","New species of deep-sea fish"
"https://raw.githubusercontent.com/stevenrossi/fishpoasting/main/images/zoologica/12/zoologica121319291934newy_0261.jpeg","Zoologica Vol. XII (1929-1934)","New species of deep-sea fish"
"https://raw.githubusercontent.com/stevenrossi/fishpoasting/main/images/zoologica/12/zoologica121319291934newy_0263.jpeg","Zoologica Vol. XII (1929-1934)","New species of deep-sea fish"
"https://raw.githubusercontent.com/stevenrossi/fishpoasting/main/images/zoologica/12/zoologica121319291934newy_0266.jpeg","Zoologica Vol. XII (1929-1934)","New species of deep-sea fish"
"https://raw.githubusercontent.com/stevenrossi/fishpoasting/main/images/zoologica/12/zoologica121319291934newy_0270.jpeg","Zoologica Vol. XII (1929-1934)","New species of deep-sea fish"
"https://raw.githubusercontent.com/stevenrossi/fishpoasting/main/images/zoologica/12/zoologica121319291934newy_0274.jpeg","Zoologica Vol. XII (1929-1934)","New species of deep-sea fish"
"https://raw.githubusercontent.com/stevenrossi/fishpoasting/main/images/zoologica/12/zoologica121319291934newy_0275.jpeg","Zoologica Vol. XII (1929-1934)","New species of deep-sea fish"
"https://raw.githubusercontent.com/stevenrossi/fishpoasting/main/images/zoologica/12/zoologica121319291934newy_0278.jpeg","Zoologica Vol. XII (1929-1934)","New species of deep-sea fish"
"https://raw.githubusercontent.com/stevenrossi/fishpoasting/main/images/zoologica/12/zoologica121319291934newy_0279.jpeg","Zoologica Vol. XII (1929-1934)","New species of deep-sea fish"
"https://raw.githubusercontent.com/stevenrossi/fishpoasting/main/images/zoologica/12/zoologica121319291934newy_0283.jpeg","Zoologica Vol. XII (1929-1934)","New species of deep-sea fish"
"https://raw.githubusercontent.com/stevenrossi/fishpoasting/main/images/zoologica/12/zoologica121319291934newy_0286.jpeg","Zoologica Vol. XII (1929-1934)","New species of deep-sea fish"
"https://raw.githubusercontent.com/stevenrossi/fishpoasting/main/images/zoologica/12/zoologica121319291934newy_0289.jpeg","Zoologica Vol. XII (1929-1934)","New species of deep-sea fish"
"https://raw.githubusercontent.com/stevenrossi/fishpoasting/main/images/zoologica/12/zoologica121319291934newy_0290.jpeg","Zoologica Vol. XII (1929-1934)","New species of deep-sea fish"
"https://raw.githubusercontent.com/stevenrossi/fishpoasting/main/images/zoologica/12/zoologica121319291934newy_0294.jpeg","Zoologica Vol. XII (1929-1934)","New species of deep-sea fish"
"https://raw.githubusercontent.com/stevenrossi/fishpoasting/main/images/zoologica/12/zoologica121319291934newy_0295.jpeg","Zoologica Vol. XII (1929-1934)","New species of deep-sea fish"
"https://raw.githubusercontent.com/stevenrossi/fishpoasting/main/images/zoologica/12/zoologica121319291934newy_0299.jpeg","Zoologica Vol. XII (1929-1934)","New species of deep-sea fish"
"https://raw.githubusercontent.com/stevenrossi/fishpoasting/main/images/zoologica/12/zoologica121319291934newy_0326.jpeg","Zoologica Vol. XII (1929-1934)","Remora remora"
"https://raw.githubusercontent.com/stevenrossi/fishpoasting/main/images/zoologica/12/zoologica121319291934newy_0327.jpeg","Zoologica Vol. XII (1929-1934)","Remora remora"
"https://raw.githubusercontent.com/stevenrossi/fishpoasting/main/images/zoologica/12/zoologica121319291934newy_0329.jpeg","Zoologica Vol. XII (1929-1934)","Remora remora"
"https://raw.githubusercontent.com/stevenrossi/fishpoasting/main/images/zoologica/12/zoologica121319291934newy_0330.jpeg","Zoologica Vol. XII (1929-1934)","Remora remora"
"https://raw.githubusercontent.com/stevenrossi/fishpoasting/main/images/zoologica/12/zoologica121319291934newy_0332.jpeg","Zoologica Vol. XII (1929-1934)","Remora remora"
"https://raw.githubusercontent.com/stevenrossi/fishpoasting/main/images/zoologica/12/zoologica121319291934newy_0362.jpeg","Zoologica Vol. XII (1929-1934)","Shore fishes of Bermuda"
"https://raw.githubusercontent.com/stevenrossi/fishpoasting/main/images/zoologica/12/zoologica121319291934newy_0374.jpeg","Zoologica Vol. XII (1929-1934)","Deep-sea isospondylous fishes, two new genera and four new species"
"https://raw.githubusercontent.com/stevenrossi/fishpoasting/main/images/zoologica/12/zoologica121319291934newy_0377.jpeg","Zoologica Vol. XII (1929-1934)","Deep-sea isospondylous fishes, two new genera and four new species"
"https://raw.githubusercontent.com/stevenrossi/fishpoasting/main/images/zoologica/12/zoologica121319291934newy_0378.jpeg","Zoologica Vol. XII (1929-1934)","Deep-sea isospondylous fishes, two new genera and four new species"